"filename", "language", "JSON", "JSON with Comments", "TypeScript", "JavaScript", "PostCSS", "TypeScript JSX", "Markdown", "XML", "comment", "blank", "total"
"c:\Users\conta\Desktop\project\client\README.md", "Markdown", 0, 0, 0, 0, 0, 0, 23, 0, 0, 14, 37
"c:\Users\conta\Desktop\project\client\eslint.config.mjs", "JavaScript", 0, 0, 0, 12, 0, 0, 0, 0, 0, 5, 17
"c:\Users\conta\Desktop\project\client\eslintrc.json", "JSON", 7, 0, 0, 0, 0, 0, 0, 0, 0, 1, 8
"c:\Users\conta\Desktop\project\client\next.config.js", "JavaScript", 0, 0, 0, 16, 0, 0, 0, 0, 1, 2, 19
"c:\Users\conta\Desktop\project\client\package-lock.json", "JSON", 16045, 0, 0, 0, 0, 0, 0, 0, 0, 1, 16046
"c:\Users\conta\Desktop\project\client\package.json", "JSON", 60, 0, 0, 0, 0, 0, 0, 0, 0, 1, 61
"c:\Users\conta\Desktop\project\client\postcss.config.mjs", "JavaScript", 0, 0, 0, 7, 0, 0, 0, 0, 1, 2, 10
"c:\Users\conta\Desktop\project\client\public\file.svg", "XML", 0, 0, 0, 0, 0, 0, 0, 1, 0, 0, 1
"c:\Users\conta\Desktop\project\client\public\globe.svg", "XML", 0, 0, 0, 0, 0, 0, 0, 1, 0, 0, 1
"c:\Users\conta\Desktop\project\client\public\next.svg", "XML", 0, 0, 0, 0, 0, 0, 0, 1, 0, 0, 1
"c:\Users\conta\Desktop\project\client\public\vercel.svg", "XML", 0, 0, 0, 0, 0, 0, 0, 1, 0, 0, 1
"c:\Users\conta\Desktop\project\client\public\window.svg", "XML", 0, 0, 0, 0, 0, 0, 0, 1, 0, 0, 1
"c:\Users\conta\Desktop\project\client\src\app\api\auth\[...nextauth]\route.ts", "TypeScript", 0, 0, 4, 0, 0, 0, 0, 0, 0, 2, 6
"c:\Users\conta\Desktop\project\client\src\app\company\content.tsx", "TypeScript JSX", 0, 0, 0, 0, 0, 48, 0, 0, 0, 10, 58
"c:\Users\conta\Desktop\project\client\src\app\company\page.tsx", "TypeScript JSX", 0, 0, 0, 0, 0, 28, 0, 0, 0, 4, 32
"c:\Users\conta\Desktop\project\client\src\app\edit\account\accountEditForm.tsx", "TypeScript JSX", 0, 0, 0, 0, 0, 301, 0, 0, 1, 47, 349
"c:\Users\conta\Desktop\project\client\src\app\edit\account\page.tsx", "TypeScript JSX", 0, 0, 0, 0, 0, 38, 0, 0, 0, 8, 46
"c:\Users\conta\Desktop\project\client\src\app\edit\account\shop\[id]\page.tsx", "TypeScript JSX", 0, 0, 0, 0, 0, 42, 0, 0, 0, 9, 51
"c:\Users\conta\Desktop\project\client\src\app\edit\account\shop\com-free\[id]\page.tsx", "TypeScript JSX", 0, 0, 0, 0, 0, 42, 0, 0, 0, 9, 51
"c:\Users\conta\Desktop\project\client\src\app\edit\account\shop\signup\[id]\page.tsx", "TypeScript JSX", 0, 0, 0, 0, 0, 42, 0, 0, 0, 9, 51
"c:\Users\conta\Desktop\project\client\src\app\edit\account\transfar\page.tsx", "TypeScript JSX", 0, 0, 0, 0, 0, 38, 0, 0, 0, 8, 46
"c:\Users\conta\Desktop\project\client\src\app\edit\address\addressEditForm.tsx", "TypeScript JSX", 0, 0, 0, 0, 0, 181, 0, 0, 0, 27, 208
"c:\Users\conta\Desktop\project\client\src\app\edit\address\delivery\[id]\page.tsx", "TypeScript JSX", 0, 0, 0, 0, 0, 43, 0, 0, 0, 9, 52
"c:\Users\conta\Desktop\project\client\src\app\edit\address\page.tsx", "TypeScript JSX", 0, 0, 0, 0, 0, 38, 0, 0, 0, 8, 46
"c:\Users\conta\Desktop\project\client\src\app\edit\address\shop\[id]\page.tsx", "TypeScript JSX", 0, 0, 0, 0, 0, 42, 0, 0, 0, 9, 51
"c:\Users\conta\Desktop\project\client\src\app\edit\address\shop\com-free\[id]\page.tsx", "TypeScript JSX", 0, 0, 0, 0, 0, 42, 0, 0, 0, 9, 51
"c:\Users\conta\Desktop\project\client\src\app\edit\address\shop\signup\[id]\page.tsx", "TypeScript JSX", 0, 0, 0, 0, 0, 42, 0, 0, 0, 9, 51
"c:\Users\conta\Desktop\project\client\src\app\edit\edit.module.css", "PostCSS", 0, 0, 0, 0, 318, 0, 0, 0, 0, 32, 350
"c:\Users\conta\Desktop\project\client\src\app\edit\editUI.tsx", "TypeScript JSX", 0, 0, 0, 0, 0, 16, 0, 0, 0, 2, 18
"c:\Users\conta\Desktop\project\client\src\app\edit\email\emailEditForm.tsx", "TypeScript JSX", 0, 0, 0, 0, 0, 63, 0, 0, 0, 13, 76
"c:\Users\conta\Desktop\project\client\src\app\edit\email\new-email\[token]\fetch.tsx", "TypeScript JSX", 0, 0, 0, 0, 0, 34, 0, 0, 0, 10, 44
"c:\Users\conta\Desktop\project\client\src\app\edit\email\new-email\[token]\page.tsx", "TypeScript JSX", 0, 0, 0, 0, 0, 12, 0, 0, 0, 3, 15
"c:\Users\conta\Desktop\project\client\src\app\edit\email\page.tsx", "TypeScript JSX", 0, 0, 0, 0, 0, 27, 0, 0, 0, 5, 32
"c:\Users\conta\Desktop\project\client\src\app\edit\honnin\honninEditForm.tsx", "TypeScript JSX", 0, 0, 0, 0, 0, 365, 0, 0, 0, 48, 413
"c:\Users\conta\Desktop\project\client\src\app\edit\honnin\page.tsx", "TypeScript JSX", 0, 0, 0, 0, 0, 38, 0, 0, 0, 7, 45
"c:\Users\conta\Desktop\project\client\src\app\edit\layout.tsx", "TypeScript JSX", 0, 0, 0, 0, 0, 4, 0, 0, 0, 1, 5
"c:\Users\conta\Desktop\project\client\src\app\edit\name\delivery\[id]\page.tsx", "TypeScript JSX", 0, 0, 0, 0, 0, 44, 0, 0, 0, 10, 54
"c:\Users\conta\Desktop\project\client\src\app\edit\name\nameEditForm.tsx", "TypeScript JSX", 0, 0, 0, 0, 0, 269, 0, 0, 0, 43, 312
"c:\Users\conta\Desktop\project\client\src\app\edit\name\page.tsx", "TypeScript JSX", 0, 0, 0, 0, 0, 38, 0, 0, 0, 8, 46
"c:\Users\conta\Desktop\project\client\src\app\edit\name\shop\con-name\[id]\page.tsx", "TypeScript JSX", 0, 0, 0, 0, 0, 44, 0, 0, 0, 10, 54
"c:\Users\conta\Desktop\project\client\src\app\edit\name\shop\con-name\com-free\[id]\page.tsx", "TypeScript JSX", 0, 0, 0, 0, 0, 42, 0, 0, 0, 9, 51
"c:\Users\conta\Desktop\project\client\src\app\edit\name\shop\con-name\singup\[id]\page.tsx", "TypeScript JSX", 0, 0, 0, 0, 0, 44, 0, 0, 0, 10, 54
"c:\Users\conta\Desktop\project\client\src\app\edit\name\shop\rep-name\[id]\page.tsx", "TypeScript JSX", 0, 0, 0, 0, 0, 44, 0, 0, 0, 10, 54
"c:\Users\conta\Desktop\project\client\src\app\edit\name\shop\rep-name\com-free\[id]\page.tsx", "TypeScript JSX", 0, 0, 0, 0, 0, 42, 0, 0, 0, 9, 51
"c:\Users\conta\Desktop\project\client\src\app\edit\name\shop\rep-name\signup\[id]\page.tsx", "TypeScript JSX", 0, 0, 0, 0, 0, 44, 0, 0, 0, 10, 54
"c:\Users\conta\Desktop\project\client\src\app\edit\phone-number\delivery\[id]\page.tsx", "TypeScript JSX", 0, 0, 0, 0, 0, 43, 0, 0, 0, 10, 53
"c:\Users\conta\Desktop\project\client\src\app\edit\phone-number\page.tsx", "TypeScript JSX", 0, 0, 0, 0, 0, 38, 0, 0, 0, 8, 46
"c:\Users\conta\Desktop\project\client\src\app\edit\phone-number\phoneNumberEdit.tsx", "TypeScript JSX", 0, 0, 0, 0, 0, 95, 0, 0, 0, 16, 111
"c:\Users\conta\Desktop\project\client\src\app\edit\phone-number\shop\[id]\page.tsx", "TypeScript JSX", 0, 0, 0, 0, 0, 42, 0, 0, 0, 9, 51
"c:\Users\conta\Desktop\project\client\src\app\edit\profile\page.tsx", "TypeScript JSX", 0, 0, 0, 0, 0, 40, 0, 0, 0, 9, 49
"c:\Users\conta\Desktop\project\client\src\app\edit\profile\profileEditForm.tsx", "TypeScript JSX", 0, 0, 0, 0, 0, 90, 0, 0, 0, 14, 104
"c:\Users\conta\Desktop\project\client\src\app\edit\profile\profileImage.tsx", "TypeScript JSX", 0, 0, 0, 0, 0, 73, 0, 0, 0, 10, 83
"c:\Users\conta\Desktop\project\client\src\app\edit\shop\com-free\[id]\page.tsx", "TypeScript JSX", 0, 0, 0, 0, 0, 42, 0, 0, 0, 9, 51
"c:\Users\conta\Desktop\project\client\src\app\edit\shop\com-free\complete\element.tsx", "TypeScript JSX", 0, 0, 0, 0, 0, 20, 0, 0, 0, 4, 24
"c:\Users\conta\Desktop\project\client\src\app\edit\shop\com-free\complete\page.tsx", "TypeScript JSX", 0, 0, 0, 0, 0, 15, 0, 0, 0, 2, 17
"c:\Users\conta\Desktop\project\client\src\app\edit\shop\com-free\confirm\[id]\page.tsx", "TypeScript JSX", 0, 0, 0, 0, 0, 43, 0, 0, 0, 9, 52
"c:\Users\conta\Desktop\project\client\src\app\edit\shop\com-free\confirm\client.tsx", "TypeScript JSX", 0, 0, 0, 0, 0, 187, 0, 0, 0, 32, 219
"c:\Users\conta\Desktop\project\client\src\app\edit\shop\com-free\form.tsx", "TypeScript JSX", 0, 0, 0, 0, 0, 79, 0, 0, 0, 15, 94
"c:\Users\conta\Desktop\project\client\src\app\edit\shop\com-free\upload\[id]\page.tsx", "TypeScript JSX", 0, 0, 0, 0, 0, 28, 0, 0, 0, 6, 34
"c:\Users\conta\Desktop\project\client\src\app\edit\shop\com-free\upload\client.tsx", "TypeScript JSX", 0, 0, 0, 0, 0, 277, 0, 0, 0, 51, 328
"c:\Users\conta\Desktop\project\client\src\app\edit\shop\company-name\[id]\page.tsx", "TypeScript JSX", 0, 0, 0, 0, 0, 41, 0, 0, 0, 9, 50
"c:\Users\conta\Desktop\project\client\src\app\edit\shop\company-name\form.tsx", "TypeScript JSX", 0, 0, 0, 0, 0, 72, 0, 0, 0, 17, 89
"c:\Users\conta\Desktop\project\client\src\app\edit\shop\option\[id]\page.tsx", "TypeScript JSX", 0, 0, 0, 0, 0, 41, 0, 0, 0, 9, 50
"c:\Users\conta\Desktop\project\client\src\app\edit\shop\option\form.tsx", "TypeScript JSX", 0, 0, 0, 0, 0, 106, 0, 0, 0, 15, 121
"c:\Users\conta\Desktop\project\client\src\app\edit\type.ts", "TypeScript", 0, 0, 103, 0, 0, 0, 0, 0, 0, 10, 113
"c:\Users\conta\Desktop\project\client\src\app\guide\account\content.tsx", "TypeScript JSX", 0, 0, 0, 0, 0, 115, 0, 0, 0, 21, 136
"c:\Users\conta\Desktop\project\client\src\app\guide\account\page.tsx", "TypeScript JSX", 0, 0, 0, 0, 0, 24, 0, 0, 0, 4, 28
"c:\Users\conta\Desktop\project\client\src\app\guide\account\sign\content.tsx", "TypeScript JSX", 0, 0, 0, 0, 0, 59, 0, 0, 0, 11, 70
"c:\Users\conta\Desktop\project\client\src\app\guide\account\sign\page.tsx", "TypeScript JSX", 0, 0, 0, 0, 0, 24, 0, 0, 0, 4, 28
"c:\Users\conta\Desktop\project\client\src\app\guide\buyer\content.tsx", "TypeScript JSX", 0, 0, 0, 0, 0, 174, 0, 0, 0, 39, 213
"c:\Users\conta\Desktop\project\client\src\app\guide\buyer\page.tsx", "TypeScript JSX", 0, 0, 0, 0, 0, 24, 0, 0, 0, 4, 28
"c:\Users\conta\Desktop\project\client\src\app\guide\page.tsx", "TypeScript JSX", 0, 0, 0, 0, 0, 31, 0, 0, 0, 5, 36
"c:\Users\conta\Desktop\project\client\src\app\guide\penalty\content.tsx", "TypeScript JSX", 0, 0, 0, 0, 0, 187, 0, 0, 0, 18, 205
"c:\Users\conta\Desktop\project\client\src\app\guide\penalty\page.tsx", "TypeScript JSX", 0, 0, 0, 0, 0, 24, 0, 0, 0, 4, 28
"c:\Users\conta\Desktop\project\client\src\app\guide\seller\client.tsx", "TypeScript JSX", 0, 0, 0, 0, 0, 39, 0, 0, 0, 5, 44
"c:\Users\conta\Desktop\project\client\src\app\guide\seller\content.tsx", "TypeScript JSX", 0, 0, 0, 0, 0, 287, 0, 0, 0, 63, 350
"c:\Users\conta\Desktop\project\client\src\app\guide\seller\page.tsx", "TypeScript JSX", 0, 0, 0, 0, 0, 24, 0, 0, 0, 4, 28
"c:\Users\conta\Desktop\project\client\src\app\guide\shop\content.tsx", "TypeScript JSX", 0, 0, 0, 0, 0, 136, 0, 0, 0, 22, 158
"c:\Users\conta\Desktop\project\client\src\app\guide\shop\page.tsx", "TypeScript JSX", 0, 0, 0, 0, 0, 24, 0, 0, 0, 4, 28
"c:\Users\conta\Desktop\project\client\src\app\inquiry\form.tsx", "TypeScript JSX", 0, 0, 0, 0, 0, 109, 0, 0, 0, 21, 130
"c:\Users\conta\Desktop\project\client\src\app\inquiry\inquiry.module.css", "PostCSS", 0, 0, 0, 0, 19, 0, 0, 0, 0, 1, 20
"c:\Users\conta\Desktop\project\client\src\app\inquiry\inquiryUI.tsx", "TypeScript JSX", 0, 0, 0, 0, 0, 20, 0, 0, 0, 4, 24
"c:\Users\conta\Desktop\project\client\src\app\inquiry\layout.tsx", "TypeScript JSX", 0, 0, 0, 0, 0, 4, 0, 0, 0, 1, 5
"c:\Users\conta\Desktop\project\client\src\app\inquiry\linkElement.tsx", "TypeScript JSX", 0, 0, 0, 0, 0, 26, 0, 0, 0, 3, 29
"c:\Users\conta\Desktop\project\client\src\app\inquiry\page.tsx", "TypeScript JSX", 0, 0, 0, 0, 0, 41, 0, 0, 0, 6, 47
"c:\Users\conta\Desktop\project\client\src\app\inquiry\type.ts", "TypeScript", 0, 0, 5, 0, 0, 0, 0, 0, 0, 0, 5
"c:\Users\conta\Desktop\project\client\src\app\item-list\deleted\page.tsx", "TypeScript JSX", 0, 0, 0, 0, 0, 27, 0, 0, 0, 4, 31
"c:\Users\conta\Desktop\project\client\src\app\item-list\draft\page.tsx", "TypeScript JSX", 0, 0, 0, 0, 0, 27, 0, 0, 0, 4, 31
"c:\Users\conta\Desktop\project\client\src\app\item-list\good\page.tsx", "TypeScript JSX", 0, 0, 0, 0, 0, 27, 0, 0, 0, 4, 31
"c:\Users\conta\Desktop\project\client\src\app\item-list\header.module.css", "PostCSS", 0, 0, 0, 0, 28, 0, 0, 0, 0, 3, 31
"c:\Users\conta\Desktop\project\client\src\app\item-list\itemList.module.css", "PostCSS", 0, 0, 0, 0, 308, 0, 0, 0, 0, 45, 353
"c:\Users\conta\Desktop\project\client\src\app\item-list\itemList.tsx", "TypeScript JSX", 0, 0, 0, 0, 0, 274, 0, 0, 2, 24, 300
"c:\Users\conta\Desktop\project\client\src\app\item-list\itemListHeaderUI.tsx", "TypeScript JSX", 0, 0, 0, 0, 0, 13, 0, 0, 0, 2, 15
"c:\Users\conta\Desktop\project\client\src\app\item-list\itemListUI.tsx", "TypeScript JSX", 0, 0, 0, 0, 0, 14, 0, 0, 0, 2, 16
"c:\Users\conta\Desktop\project\client\src\app\item-list\layout.tsx", "TypeScript JSX", 0, 0, 0, 0, 0, 4, 0, 0, 0, 1, 5
"c:\Users\conta\Desktop\project\client\src\app\item-list\removeFloat.module.css", "PostCSS", 0, 0, 0, 0, 69, 0, 0, 0, 0, 10, 79
"c:\Users\conta\Desktop\project\client\src\app\item-list\removeFloat.tsx", "TypeScript JSX", 0, 0, 0, 0, 0, 119, 0, 0, 1, 26, 146
"c:\Users\conta\Desktop\project\client\src\app\item-list\stock\page.tsx", "TypeScript JSX", 0, 0, 0, 0, 0, 27, 0, 0, 0, 4, 31
"c:\Users\conta\Desktop\project\client\src\app\item-list\tabHeader.tsx", "TypeScript JSX", 0, 0, 0, 0, 0, 58, 0, 0, 0, 7, 65
"c:\Users\conta\Desktop\project\client\src\app\item-list\type.ts", "TypeScript", 0, 0, 25, 0, 0, 0, 0, 0, 0, 3, 28
"c:\Users\conta\Desktop\project\client\src\app\item-list\uploaded\page.tsx", "TypeScript JSX", 0, 0, 0, 0, 0, 42, 0, 0, 0, 7, 49
"c:\Users\conta\Desktop\project\client\src\app\item-list\watch-history\page.tsx", "TypeScript JSX", 0, 0, 0, 0, 0, 27, 0, 0, 0, 4, 31
"c:\Users\conta\Desktop\project\client\src\app\item\[id]\page.tsx", "TypeScript JSX", 0, 0, 0, 0, 0, 78, 0, 0, 0, 14, 92
"c:\Users\conta\Desktop\project\client\src\app\item\commentSection\comment.module.css", "PostCSS", 0, 0, 0, 0, 313, 0, 0, 0, 0, 38, 351
"c:\Users\conta\Desktop\project\client\src\app\item\commentSection\commentDataDiv.tsx", "TypeScript JSX", 0, 0, 0, 0, 0, 16, 0, 0, 0, 3, 19
"c:\Users\conta\Desktop\project\client\src\app\item\commentSection\commentForm.tsx", "TypeScript JSX", 0, 0, 0, 0, 0, 102, 0, 0, 1, 21, 124
"c:\Users\conta\Desktop\project\client\src\app\item\commentSection\commentList.tsx", "TypeScript JSX", 0, 0, 0, 0, 0, 71, 0, 0, 0, 10, 81
"c:\Users\conta\Desktop\project\client\src\app\item\commentSection\commentSection.tsx", "TypeScript JSX", 0, 0, 0, 0, 0, 58, 0, 0, 0, 10, 68
"c:\Users\conta\Desktop\project\client\src\app\item\commentSection\commentText.tsx", "TypeScript JSX", 0, 0, 0, 0, 0, 57, 0, 0, 0, 8, 65
"c:\Users\conta\Desktop\project\client\src\app\item\commentSection\deleteComment.tsx", "TypeScript JSX", 0, 0, 0, 0, 0, 66, 0, 0, 0, 13, 79
"c:\Users\conta\Desktop\project\client\src\app\item\commentSection\good.tsx", "TypeScript JSX", 0, 0, 0, 0, 0, 90, 0, 0, 0, 16, 106
"c:\Users\conta\Desktop\project\client\src\app\item\commentSection\pin.tsx", "TypeScript JSX", 0, 0, 0, 0, 0, 11, 0, 0, 0, 1, 12
"c:\Users\conta\Desktop\project\client\src\app\item\commentSection\profileImage.tsx", "TypeScript JSX", 0, 0, 0, 0, 0, 18, 0, 0, 0, 2, 20
"c:\Users\conta\Desktop\project\client\src\app\item\commentSection\replyList.tsx", "TypeScript JSX", 0, 0, 0, 0, 0, 69, 0, 0, 0, 13, 82
"c:\Users\conta\Desktop\project\client\src\app\item\commentSection\reportFloat.tsx", "TypeScript JSX", 0, 0, 0, 0, 0, 32, 0, 0, 0, 5, 37
"c:\Users\conta\Desktop\project\client\src\app\item\confirm\[id]\page.tsx", "TypeScript JSX", 0, 0, 0, 0, 0, 59, 0, 0, 0, 14, 73
"c:\Users\conta\Desktop\project\client\src\app\item\confirm\confirm.module.css", "PostCSS", 0, 0, 0, 0, 152, 0, 0, 0, 0, 13, 165
"c:\Users\conta\Desktop\project\client\src\app\item\confirm\title.tsx", "TypeScript JSX", 0, 0, 0, 0, 0, 4, 0, 0, 0, 1, 5
"c:\Users\conta\Desktop\project\client\src\app\item\confirm\uploadButton.tsx", "TypeScript JSX", 0, 0, 0, 0, 0, 130, 0, 0, 0, 18, 148
"c:\Users\conta\Desktop\project\client\src\app\item\deleted\[id]\page.tsx", "TypeScript JSX", 0, 0, 0, 0, 0, 61, 0, 0, 0, 13, 74
"c:\Users\conta\Desktop\project\client\src\app\item\deleted\deleted.module.css", "PostCSS", 0, 0, 0, 0, 110, 0, 0, 0, 0, 9, 119
"c:\Users\conta\Desktop\project\client\src\app\item\deleted\perfectDelete.tsx", "TypeScript JSX", 0, 0, 0, 0, 0, 62, 0, 0, 0, 12, 74
"c:\Users\conta\Desktop\project\client\src\app\item\deleted\restore.tsx", "TypeScript JSX", 0, 0, 0, 0, 0, 73, 0, 0, 0, 15, 88
"c:\Users\conta\Desktop\project\client\src\app\item\draft\[id]\page.tsx", "TypeScript JSX", 0, 0, 0, 0, 0, 59, 0, 0, 0, 13, 72
"c:\Users\conta\Desktop\project\client\src\app\item\draft\draft.module.css", "PostCSS", 0, 0, 0, 0, 19, 0, 0, 0, 0, 0, 19
"c:\Users\conta\Desktop\project\client\src\app\item\draft\editButton.tsx", "TypeScript JSX", 0, 0, 0, 0, 0, 8, 0, 0, 0, 2, 10
"c:\Users\conta\Desktop\project\client\src\app\item\itemCommon.module.css", "PostCSS", 0, 0, 0, 0, 96, 0, 0, 0, 0, 10, 106
"c:\Users\conta\Desktop\project\client\src\app\item\itemListSection.tsx", "TypeScript JSX", 0, 0, 0, 0, 0, 21, 0, 0, 0, 4, 25
"c:\Users\conta\Desktop\project\client\src\app\item\itemPage.tsx", "TypeScript JSX", 0, 0, 0, 0, 0, 95, 0, 0, 0, 10, 105
"c:\Users\conta\Desktop\project\client\src\app\item\itemPageTypes.ts", "TypeScript", 0, 0, 111, 0, 0, 0, 0, 0, 0, 13, 124
"c:\Users\conta\Desktop\project\client\src\app\item\itemSection\buySection\buy.module.css", "PostCSS", 0, 0, 0, 0, 114, 0, 0, 0, 0, 13, 127
"c:\Users\conta\Desktop\project\client\src\app\item\itemSection\buySection\buy2026.tsx", "TypeScript JSX", 0, 0, 0, 0, 0, 4, 0, 0, 0, 1, 5
"c:\Users\conta\Desktop\project\client\src\app\item\itemSection\buySection\buySection.tsx", "TypeScript JSX", 0, 0, 0, 0, 0, 157, 0, 0, 0, 27, 184
"c:\Users\conta\Desktop\project\client\src\app\item\itemSection\categoryText.tsx", "TypeScript JSX", 0, 0, 0, 0, 0, 14, 0, 0, 0, 2, 16
"c:\Users\conta\Desktop\project\client\src\app\item\itemSection\deliverySection.tsx", "TypeScript JSX", 0, 0, 0, 0, 0, 63, 0, 0, 0, 12, 75
"c:\Users\conta\Desktop\project\client\src\app\item\itemSection\detail.tsx", "TypeScript JSX", 0, 0, 0, 0, 0, 65, 0, 0, 0, 8, 73
"c:\Users\conta\Desktop\project\client\src\app\item\itemSection\item.module.css", "PostCSS", 0, 0, 0, 0, 163, 0, 0, 0, 0, 25, 188
"c:\Users\conta\Desktop\project\client\src\app\item\itemSection\itemHeader.tsx", "TypeScript JSX", 0, 0, 0, 0, 0, 69, 0, 0, 0, 6, 75
"c:\Users\conta\Desktop\project\client\src\app\item\itemSection\itemName.tsx", "TypeScript JSX", 0, 0, 0, 0, 0, 16, 0, 0, 0, 2, 18
"c:\Users\conta\Desktop\project\client\src\app\item\itemSection\itemSection.tsx", "TypeScript JSX", 0, 0, 0, 0, 0, 31, 0, 0, 0, 3, 34
"c:\Users\conta\Desktop\project\client\src\app\item\itemSection\price.tsx", "TypeScript JSX", 0, 0, 0, 0, 0, 19, 0, 0, 0, 2, 21
"c:\Users\conta\Desktop\project\client\src\app\item\itemSection\slide.module.css", "PostCSS", 0, 0, 0, 0, 70, 0, 0, 0, 0, 7, 77
"c:\Users\conta\Desktop\project\client\src\app\item\itemSection\slideshow.tsx", "TypeScript JSX", 0, 0, 0, 0, 0, 69, 0, 0, 0, 6, 75
"c:\Users\conta\Desktop\project\client\src\app\item\itemSection\variants.module.css", "PostCSS", 0, 0, 0, 0, 144, 0, 0, 0, 4, 16, 164
"c:\Users\conta\Desktop\project\client\src\app\item\itemSection\variantsList.tsx", "TypeScript JSX", 0, 0, 0, 0, 0, 97, 0, 0, 0, 10, 107
"c:\Users\conta\Desktop\project\client\src\app\item\layout.tsx", "TypeScript JSX", 0, 0, 0, 0, 0, 4, 0, 0, 0, 1, 5
"c:\Users\conta\Desktop\project\client\src\app\item\madmax\[id]\page.tsx", "TypeScript JSX", 0, 0, 0, 0, 0, 59, 0, 0, 0, 13, 72
"c:\Users\conta\Desktop\project\client\src\app\item\madmax\admin.module.css", "PostCSS", 0, 0, 0, 0, 108, 0, 0, 0, 0, 8, 116
"c:\Users\conta\Desktop\project\client\src\app\item\madmax\deleteButton.tsx", "TypeScript JSX", 0, 0, 0, 0, 0, 72, 0, 0, 0, 15, 87
"c:\Users\conta\Desktop\project\client\src\app\item\main.tsx", "TypeScript JSX", 0, 0, 0, 0, 0, 27, 0, 0, 0, 2, 29
"c:\Users\conta\Desktop\project\client\src\app\item\others\report.tsx", "TypeScript JSX", 0, 0, 0, 0, 0, 31, 0, 0, 0, 4, 35
"c:\Users\conta\Desktop\project\client\src\app\item\portial.ts", "TypeScript", 0, 0, 9, 0, 0, 0, 0, 0, 0, 2, 11
"c:\Users\conta\Desktop\project\client\src\app\item\sellerSection\deleteItem.tsx", "TypeScript JSX", 0, 0, 0, 0, 0, 57, 0, 0, 0, 12, 69
"c:\Users\conta\Desktop\project\client\src\app\item\sellerSection\saleButton.tsx", "TypeScript JSX", 0, 0, 0, 0, 0, 243, 0, 0, 0, 36, 279
"c:\Users\conta\Desktop\project\client\src\app\item\sellerSection\seller.module.css", "PostCSS", 0, 0, 0, 0, 263, 0, 0, 0, 0, 29, 292
"c:\Users\conta\Desktop\project\client\src\app\item\sellerSection\sellerSectionBottom.tsx", "TypeScript JSX", 0, 0, 0, 0, 0, 18, 0, 0, 0, 2, 20
"c:\Users\conta\Desktop\project\client\src\app\item\sellerSection\sellerSectionTop.tsx", "TypeScript JSX", 0, 0, 0, 0, 0, 18, 0, 0, 0, 2, 20
"c:\Users\conta\Desktop\project\client\src\app\item\sellerSection\uploadButton.tsx", "TypeScript JSX", 0, 0, 0, 0, 0, 45, 0, 0, 0, 8, 53
"c:\Users\conta\Desktop\project\client\src\app\item\sellerSection\urlText.tsx", "TypeScript JSX", 0, 0, 0, 0, 0, 24, 0, 0, 0, 4, 28
"c:\Users\conta\Desktop\project\client\src\app\item\videoSection\countElem.tsx", "TypeScript JSX", 0, 0, 0, 0, 0, 46, 0, 0, 0, 6, 52
"c:\Users\conta\Desktop\project\client\src\app\item\videoSection\good.tsx", "TypeScript JSX", 0, 0, 0, 0, 0, 93, 0, 0, 0, 16, 109
"c:\Users\conta\Desktop\project\client\src\app\item\videoSection\itemPeek.tsx", "TypeScript JSX", 0, 0, 0, 0, 0, 65, 0, 0, 0, 8, 73
"c:\Users\conta\Desktop\project\client\src\app\item\videoSection\peek.module.css", "PostCSS", 0, 0, 0, 0, 68, 0, 0, 0, 0, 7, 75
"c:\Users\conta\Desktop\project\client\src\app\item\videoSection\summary.tsx", "TypeScript JSX", 0, 0, 0, 0, 0, 65, 0, 0, 0, 8, 73
"c:\Users\conta\Desktop\project\client\src\app\item\videoSection\userSection.tsx", "TypeScript JSX", 0, 0, 0, 0, 0, 56, 0, 0, 0, 6, 62
"c:\Users\conta\Desktop\project\client\src\app\item\videoSection\video.module.css", "PostCSS", 0, 0, 0, 0, 143, 0, 0, 0, 0, 18, 161
"c:\Users\conta\Desktop\project\client\src\app\item\videoSection\videoElem.tsx", "TypeScript JSX", 0, 0, 0, 0, 0, 61, 0, 0, 0, 12, 73
"c:\Users\conta\Desktop\project\client\src\app\item\videoSection\videoSection.tsx", "TypeScript JSX", 0, 0, 0, 0, 0, 38, 0, 0, 0, 3, 41
"c:\Users\conta\Desktop\project\client\src\app\layout.tsx", "TypeScript JSX", 0, 0, 0, 0, 0, 53, 0, 0, 0, 7, 60
"c:\Users\conta\Desktop\project\client\src\app\login\layout.tsx", "TypeScript JSX", 0, 0, 0, 0, 0, 4, 0, 0, 0, 1, 5
"c:\Users\conta\Desktop\project\client\src\app\login\login-form.tsx", "TypeScript JSX", 0, 0, 0, 0, 0, 84, 0, 0, 0, 11, 95
"c:\Users\conta\Desktop\project\client\src\app\login\new-pw\[token]\page.tsx", "TypeScript JSX", 0, 0, 0, 0, 0, 22, 0, 0, 0, 3, 25
"c:\Users\conta\Desktop\project\client\src\app\login\new-pw\pw-form.tsx", "TypeScript JSX", 0, 0, 0, 0, 0, 111, 0, 0, 0, 14, 125
"c:\Users\conta\Desktop\project\client\src\app\login\page.tsx", "TypeScript JSX", 0, 0, 0, 0, 0, 25, 0, 0, 0, 5, 30
"c:\Users\conta\Desktop\project\client\src\app\login\reset-pw-mail\page.tsx", "TypeScript JSX", 0, 0, 0, 0, 0, 22, 0, 0, 0, 3, 25
"c:\Users\conta\Desktop\project\client\src\app\login\reset-pw-mail\reset-form.tsx", "TypeScript JSX", 0, 0, 0, 0, 0, 41, 0, 0, 0, 9, 50
"c:\Users\conta\Desktop\project\client\src\app\lp\button\button.tsx", "TypeScript JSX", 0, 0, 0, 0, 0, 53, 0, 0, 0, 3, 56
"c:\Users\conta\Desktop\project\client\src\app\lp\button\inquiryButton.tsx", "TypeScript JSX", 0, 0, 0, 0, 0, 5, 0, 0, 0, 1, 6
"c:\Users\conta\Desktop\project\client\src\app\lp\button\uploadButton.tsx", "TypeScript JSX", 0, 0, 0, 0, 0, 8, 0, 0, 0, 2, 10
"c:\Users\conta\Desktop\project\client\src\app\lp\footer\footerImage.tsx", "TypeScript JSX", 0, 0, 0, 0, 0, 50, 0, 0, 0, 4, 54
"c:\Users\conta\Desktop\project\client\src\app\lp\footer\footerSitemap.tsx", "TypeScript JSX", 0, 0, 0, 0, 0, 19, 0, 0, 0, 1, 20
"c:\Users\conta\Desktop\project\client\src\app\lp\header\headerGreen.tsx", "TypeScript JSX", 0, 0, 0, 0, 0, 12, 0, 0, 0, 2, 14
"c:\Users\conta\Desktop\project\client\src\app\lp\header\headerSection.tsx", "TypeScript JSX", 0, 0, 0, 0, 0, 16, 0, 0, 0, 2, 18
"c:\Users\conta\Desktop\project\client\src\app\lp\header\hero.tsx", "TypeScript JSX", 0, 0, 0, 0, 0, 29, 0, 0, 0, 2, 31
"c:\Users\conta\Desktop\project\client\src\app\lp\itemList\lpItemList.module.css", "PostCSS", 0, 0, 0, 0, 246, 0, 0, 0, 0, 37, 283
"c:\Users\conta\Desktop\project\client\src\app\lp\itemList\lpItemList.tsx", "TypeScript JSX", 0, 0, 0, 0, 0, 238, 0, 0, 0, 30, 268
"c:\Users\conta\Desktop\project\client\src\app\lp\lp.module.css", "PostCSS", 0, 0, 0, 0, 405, 0, 0, 0, 0, 33, 438
"c:\Users\conta\Desktop\project\client\src\app\lp\lp.tsx", "TypeScript JSX", 0, 0, 0, 0, 0, 28, 0, 0, 0, 5, 33
"c:\Users\conta\Desktop\project\client\src\app\lp\main\mainAbout.tsx", "TypeScript JSX", 0, 0, 0, 0, 0, 92, 0, 0, 0, 5, 97
"c:\Users\conta\Desktop\project\client\src\app\lp\main\mainAllUser.tsx", "TypeScript JSX", 0, 0, 0, 0, 0, 24, 0, 0, 0, 2, 26
"c:\Users\conta\Desktop\project\client\src\app\lp\main\mainCampaign.tsx", "TypeScript JSX", 0, 0, 0, 0, 0, 42, 0, 0, 0, 6, 48
"c:\Users\conta\Desktop\project\client\src\app\lp\main\mainComponent\answer.tsx", "TypeScript JSX", 0, 0, 0, 0, 0, 13, 0, 0, 0, 2, 15
"c:\Users\conta\Desktop\project\client\src\app\lp\main\mainComponent\campaignh3.tsx", "TypeScript JSX", 0, 0, 0, 0, 0, 13, 0, 0, 0, 2, 15
"c:\Users\conta\Desktop\project\client\src\app\lp\main\mainComponent\mainP.tsx", "TypeScript JSX", 0, 0, 0, 0, 0, 8, 0, 0, 0, 2, 10
"c:\Users\conta\Desktop\project\client\src\app\lp\main\mainComponent\mainh2.tsx", "TypeScript JSX", 0, 0, 0, 0, 0, 8, 0, 0, 0, 2, 10
"c:\Users\conta\Desktop\project\client\src\app\lp\main\mainComponent\mainh3.tsx", "TypeScript JSX", 0, 0, 0, 0, 0, 8, 0, 0, 0, 2, 10
"c:\Users\conta\Desktop\project\client\src\app\lp\main\mainComponent\pamphletLink.tsx", "TypeScript JSX", 0, 0, 0, 0, 0, 21, 0, 0, 0, 1, 22
"c:\Users\conta\Desktop\project\client\src\app\lp\main\mainComponent\question.tsx", "TypeScript JSX", 0, 0, 0, 0, 0, 13, 0, 0, 0, 2, 15
"c:\Users\conta\Desktop\project\client\src\app\lp\main\mainComponent\shopFlowP.tsx", "TypeScript JSX", 0, 0, 0, 0, 0, 8, 0, 0, 0, 2, 10
"c:\Users\conta\Desktop\project\client\src\app\lp\main\mainComponent\shopStep.tsx", "TypeScript JSX", 0, 0, 0, 0, 0, 9, 0, 0, 0, 2, 11
"c:\Users\conta\Desktop\project\client\src\app\lp\main\mainQA.tsx", "TypeScript JSX", 0, 0, 0, 0, 0, 20, 0, 0, 0, 5, 25
"c:\Users\conta\Desktop\project\client\src\app\lp\main\mainShopFlow.tsx", "TypeScript JSX", 0, 0, 0, 0, 0, 32, 0, 0, 0, 10, 42
"c:\Users\conta\Desktop\project\client\src\app\lp\main\mainShopUtil.tsx", "TypeScript JSX", 0, 0, 0, 0, 0, 33, 0, 0, 0, 4, 37
"c:\Users\conta\Desktop\project\client\src\app\lp\main\mainUploadFlow.tsx", "TypeScript JSX", 0, 0, 0, 0, 0, 59, 0, 0, 0, 6, 65
"c:\Users\conta\Desktop\project\client\src\app\lp\page.tsx", "TypeScript JSX", 0, 0, 0, 0, 0, 34, 0, 0, 0, 8, 42
"c:\Users\conta\Desktop\project\client\src\app\lp\shop\page.tsx", "TypeScript JSX", 0, 0, 0, 0, 0, 46, 0, 0, 0, 10, 56
"c:\Users\conta\Desktop\project\client\src\app\lp\two-column.tsx", "TypeScript JSX", 0, 0, 0, 0, 0, 42, 0, 0, 0, 3, 45
"c:\Users\conta\Desktop\project\client\src\app\my-page\cookieSet.tsx", "TypeScript JSX", 0, 0, 0, 0, 0, 18, 0, 0, 0, 5, 23
"c:\Users\conta\Desktop\project\client\src\app\my-page\layout.tsx", "TypeScript JSX", 0, 0, 0, 0, 0, 4, 0, 0, 0, 1, 5
"c:\Users\conta\Desktop\project\client\src\app\my-page\linkSection.tsx", "TypeScript JSX", 0, 0, 0, 0, 0, 87, 0, 0, 0, 6, 93
"c:\Users\conta\Desktop\project\client\src\app\my-page\logout.tsx", "TypeScript JSX", 0, 0, 0, 0, 0, 26, 0, 0, 0, 5, 31
"c:\Users\conta\Desktop\project\client\src\app\my-page\moneySection.tsx", "TypeScript JSX", 0, 0, 0, 0, 0, 21, 0, 0, 0, 2, 23
"c:\Users\conta\Desktop\project\client\src\app\my-page\mypage.module.css", "PostCSS", 0, 0, 0, 0, 234, 0, 0, 0, 0, 26, 260
"c:\Users\conta\Desktop\project\client\src\app\my-page\mypageElement.tsx", "TypeScript JSX", 0, 0, 0, 0, 0, 26, 0, 0, 0, 6, 32
"c:\Users\conta\Desktop\project\client\src\app\my-page\mypageUI.tsx", "TypeScript JSX", 0, 0, 0, 0, 0, 19, 0, 0, 0, 4, 23
"c:\Users\conta\Desktop\project\client\src\app\my-page\page.tsx", "TypeScript JSX", 0, 0, 0, 0, 0, 63, 0, 0, 0, 13, 76
"c:\Users\conta\Desktop\project\client\src\app\my-page\profileSection.tsx", "TypeScript JSX", 0, 0, 0, 0, 0, 44, 0, 0, 0, 5, 49
"c:\Users\conta\Desktop\project\client\src\app\my-page\referenceCode.tsx", "TypeScript JSX", 0, 0, 0, 0, 0, 78, 0, 0, 0, 11, 89
"c:\Users\conta\Desktop\project\client\src\app\my-page\types.ts", "TypeScript", 0, 0, 19, 0, 0, 0, 0, 0, 0, 1, 20
"c:\Users\conta\Desktop\project\client\src\app\page.tsx", "TypeScript JSX", 0, 0, 0, 0, 0, 101, 0, 0, 0, 3, 104
"c:\Users\conta\Desktop\project\client\src\app\privacy-policy\content.tsx", "TypeScript JSX", 0, 0, 0, 0, 0, 117, 0, 0, 0, 20, 137
"c:\Users\conta\Desktop\project\client\src\app\privacy-policy\page.tsx", "TypeScript JSX", 0, 0, 0, 0, 0, 24, 0, 0, 0, 4, 28
"c:\Users\conta\Desktop\project\client\src\app\profile\[id]\page.tsx", "TypeScript JSX", 0, 0, 0, 0, 0, 41, 0, 0, 0, 9, 50
"c:\Users\conta\Desktop\project\client\src\app\profile\adminSection.tsx", "TypeScript JSX", 0, 0, 0, 0, 0, 212, 0, 0, 0, 34, 246
"c:\Users\conta\Desktop\project\client\src\app\profile\editButton.tsx", "TypeScript JSX", 0, 0, 0, 0, 0, 8, 0, 0, 0, 2, 10
"c:\Users\conta\Desktop\project\client\src\app\profile\followSection.tsx", "TypeScript JSX", 0, 0, 0, 0, 0, 20, 0, 0, 0, 5, 25
"c:\Users\conta\Desktop\project\client\src\app\profile\followStat.tsx", "TypeScript JSX", 0, 0, 0, 0, 0, 25, 0, 0, 0, 7, 32
"c:\Users\conta\Desktop\project\client\src\app\profile\introduction.tsx", "TypeScript JSX", 0, 0, 0, 0, 0, 42, 0, 0, 0, 5, 47
"c:\Users\conta\Desktop\project\client\src\app\profile\itemList.tsx", "TypeScript JSX", 0, 0, 0, 0, 0, 239, 0, 0, 0, 29, 268
"c:\Users\conta\Desktop\project\client\src\app\profile\madmax\[id]\page.tsx", "TypeScript JSX", 0, 0, 0, 0, 0, 44, 0, 0, 0, 13, 57
"c:\Users\conta\Desktop\project\client\src\app\profile\profile-admin.module.css", "PostCSS", 0, 0, 0, 0, 106, 0, 0, 0, 0, 7, 113
"c:\Users\conta\Desktop\project\client\src\app\profile\profile.module.css", "PostCSS", 0, 0, 0, 0, 181, 0, 0, 0, 0, 27, 208
"c:\Users\conta\Desktop\project\client\src\app\profile\profileMain.tsx", "TypeScript JSX", 0, 0, 0, 0, 0, 56, 0, 0, 0, 8, 64
"c:\Users\conta\Desktop\project\client\src\app\profile\profilePage.tsx", "TypeScript JSX", 0, 0, 0, 0, 0, 30, 0, 0, 0, 5, 35
"c:\Users\conta\Desktop\project\client\src\app\profile\profileTypes.ts", "TypeScript", 0, 0, 27, 0, 0, 0, 0, 0, 0, 4, 31
"c:\Users\conta\Desktop\project\client\src\app\profile\shopButton.tsx", "TypeScript JSX", 0, 0, 0, 0, 0, 12, 0, 0, 0, 2, 14
"c:\Users\conta\Desktop\project\client\src\app\profile\socialSection.tsx", "TypeScript JSX", 0, 0, 0, 0, 0, 22, 0, 0, 0, 3, 25
"c:\Users\conta\Desktop\project\client\src\app\profile\starSection.tsx", "TypeScript JSX", 0, 0, 0, 0, 0, 19, 0, 0, 0, 2, 21
"c:\Users\conta\Desktop\project\client\src\app\report\comment\[id]\page.tsx", "TypeScript JSX", 0, 0, 0, 0, 0, 38, 0, 0, 0, 9, 47
"c:\Users\conta\Desktop\project\client\src\app\report\form.tsx", "TypeScript JSX", 0, 0, 0, 0, 0, 91, 0, 0, 0, 15, 106
"c:\Users\conta\Desktop\project\client\src\app\report\item\[id]\page.tsx", "TypeScript JSX", 0, 0, 0, 0, 0, 38, 0, 0, 0, 9, 47
"c:\Users\conta\Desktop\project\client\src\app\report\layout.tsx", "TypeScript JSX", 0, 0, 0, 0, 0, 4, 0, 0, 0, 1, 5
"c:\Users\conta\Desktop\project\client\src\app\report\report.module.css", "PostCSS", 0, 0, 0, 0, 38, 0, 0, 0, 0, 4, 42
"c:\Users\conta\Desktop\project\client\src\app\report\reportUI.tsx", "TypeScript JSX", 0, 0, 0, 0, 0, 20, 0, 0, 0, 4, 24
"c:\Users\conta\Desktop\project\client\src\app\report\type.ts", "TypeScript", 0, 0, 4, 0, 0, 0, 0, 0, 0, 0, 4
"c:\Users\conta\Desktop\project\client\src\app\shop-signup\buttonDiv.tsx", "TypeScript JSX", 0, 0, 0, 0, 0, 25, 0, 0, 0, 3, 28
"c:\Users\conta\Desktop\project\client\src\app\shop-signup\complete\element.tsx", "TypeScript JSX", 0, 0, 0, 0, 0, 20, 0, 0, 0, 4, 24
"c:\Users\conta\Desktop\project\client\src\app\shop-signup\complete\page.tsx", "TypeScript JSX", 0, 0, 0, 0, 0, 15, 0, 0, 0, 2, 17
"c:\Users\conta\Desktop\project\client\src\app\shop-signup\layout.tsx", "TypeScript JSX", 0, 0, 0, 0, 0, 4, 0, 0, 0, 1, 5
"c:\Users\conta\Desktop\project\client\src\app\shop-signup\ss.module.css", "PostCSS", 0, 0, 0, 0, 355, 0, 0, 0, 0, 36, 391
"c:\Users\conta\Desktop\project\client\src\app\shop-signup\ssUI.tsx", "TypeScript JSX", 0, 0, 0, 0, 0, 14, 0, 0, 0, 2, 16
"c:\Users\conta\Desktop\project\client\src\app\shop-signup\ssUiBack.tsx", "TypeScript JSX", 0, 0, 0, 0, 0, 14, 0, 0, 0, 2, 16
"c:\Users\conta\Desktop\project\client\src\app\shop-signup\step1\form.tsx", "TypeScript JSX", 0, 0, 0, 0, 0, 444, 0, 0, 0, 60, 504
"c:\Users\conta\Desktop\project\client\src\app\shop-signup\step1\page.tsx", "TypeScript JSX", 0, 0, 0, 0, 0, 47, 0, 0, 0, 9, 56
"c:\Users\conta\Desktop\project\client\src\app\shop-signup\step2\[id]\page.tsx", "TypeScript JSX", 0, 0, 0, 0, 0, 41, 0, 0, 0, 8, 49
"c:\Users\conta\Desktop\project\client\src\app\shop-signup\step2\form.tsx", "TypeScript JSX", 0, 0, 0, 0, 0, 272, 0, 0, 1, 44, 317
"c:\Users\conta\Desktop\project\client\src\app\shop-signup\step3\[id]\page.tsx", "TypeScript JSX", 0, 0, 0, 0, 0, 41, 0, 0, 0, 8, 49
"c:\Users\conta\Desktop\project\client\src\app\shop-signup\step3\form.tsx", "TypeScript JSX", 0, 0, 0, 0, 0, 281, 0, 0, 0, 52, 333
"c:\Users\conta\Desktop\project\client\src\app\shop-signup\step4\[id]\page.tsx", "TypeScript JSX", 0, 0, 0, 0, 0, 28, 0, 0, 0, 5, 33
"c:\Users\conta\Desktop\project\client\src\app\shop-signup\step4\form.tsx", "TypeScript JSX", 0, 0, 0, 0, 0, 110, 0, 0, 0, 21, 131
"c:\Users\conta\Desktop\project\client\src\app\shop-signup\step5\[id]\page.tsx", "TypeScript JSX", 0, 0, 0, 0, 0, 41, 0, 0, 0, 8, 49
"c:\Users\conta\Desktop\project\client\src\app\shop-signup\step5\client.tsx", "TypeScript JSX", 0, 0, 0, 0, 0, 250, 0, 0, 0, 40, 290
"c:\Users\conta\Desktop\project\client\src\app\shop-signup\stepBar.module.css", "PostCSS", 0, 0, 0, 0, 81, 0, 0, 0, 0, 12, 93
"c:\Users\conta\Desktop\project\client\src\app\shop-signup\stepBar.tsx", "TypeScript JSX", 0, 0, 0, 0, 0, 106, 0, 0, 1, 29, 136
"c:\Users\conta\Desktop\project\client\src\app\shop-signup\type.ts", "TypeScript", 0, 0, 70, 0, 0, 0, 0, 0, 0, 7, 77
"c:\Users\conta\Desktop\project\client\src\app\signup\layout.tsx", "TypeScript JSX", 0, 0, 0, 0, 0, 4, 0, 0, 0, 1, 5
"c:\Users\conta\Desktop\project\client\src\app\signup\page.tsx", "TypeScript JSX", 0, 0, 0, 0, 0, 22, 0, 0, 0, 3, 25
"c:\Users\conta\Desktop\project\client\src\app\signup\signup-form.tsx", "TypeScript JSX", 0, 0, 0, 0, 0, 106, 0, 0, 0, 14, 120
"c:\Users\conta\Desktop\project\client\src\app\signup\verify\page.tsx", "TypeScript JSX", 0, 0, 0, 0, 0, 15, 0, 0, 0, 2, 17
"c:\Users\conta\Desktop\project\client\src\app\signup\verify\resend.tsx", "TypeScript JSX", 0, 0, 0, 0, 0, 40, 0, 0, 0, 9, 49
"c:\Users\conta\Desktop\project\client\src\app\signup\verify\verify-form.tsx", "TypeScript JSX", 0, 0, 0, 0, 0, 99, 0, 0, 0, 15, 114
"c:\Users\conta\Desktop\project\client\src\app\terms-and-conditions\content.tsx", "TypeScript JSX", 0, 0, 0, 0, 0, 516, 0, 0, 0, 74, 590
"c:\Users\conta\Desktop\project\client\src\app\terms-and-conditions\page.tsx", "TypeScript JSX", 0, 0, 0, 0, 0, 24, 0, 0, 0, 4, 28
"c:\Users\conta\Desktop\project\client\src\app\tokutei\content.tsx", "TypeScript JSX", 0, 0, 0, 0, 0, 81, 0, 0, 0, 12, 93
"c:\Users\conta\Desktop\project\client\src\app\tokutei\link\page.tsx", "TypeScript JSX", 0, 0, 0, 0, 0, 28, 0, 0, 0, 5, 33
"c:\Users\conta\Desktop\project\client\src\app\tokutei\page.tsx", "TypeScript JSX", 0, 0, 0, 0, 0, 24, 0, 0, 0, 4, 28
"c:\Users\conta\Desktop\project\client\src\app\tokutei\selling\content.tsx", "TypeScript JSX", 0, 0, 0, 0, 0, 111, 0, 0, 0, 20, 131
"c:\Users\conta\Desktop\project\client\src\app\tokutei\selling\page.tsx", "TypeScript JSX", 0, 0, 0, 0, 0, 24, 0, 0, 0, 4, 28
"c:\Users\conta\Desktop\project\client\src\app\transfar\layout.tsx", "TypeScript JSX", 0, 0, 0, 0, 0, 4, 0, 0, 0, 1, 5
"c:\Users\conta\Desktop\project\client\src\app\transfar\points\form.tsx", "TypeScript JSX", 0, 0, 0, 0, 0, 125, 0, 0, 0, 24, 149
"c:\Users\conta\Desktop\project\client\src\app\transfar\points\page.tsx", "TypeScript JSX", 0, 0, 0, 0, 0, 36, 0, 0, 0, 7, 43
"c:\Users\conta\Desktop\project\client\src\app\transfar\request\form.tsx", "TypeScript JSX", 0, 0, 0, 0, 0, 159, 0, 0, 0, 26, 185
"c:\Users\conta\Desktop\project\client\src\app\transfar\request\page.tsx", "TypeScript JSX", 0, 0, 0, 0, 0, 36, 0, 0, 0, 7, 43
"c:\Users\conta\Desktop\project\client\src\app\transfar\transfar.module.css", "PostCSS", 0, 0, 0, 0, 201, 0, 0, 0, 0, 23, 224
"c:\Users\conta\Desktop\project\client\src\app\transfar\transfarUI.tsx", "TypeScript JSX", 0, 0, 0, 0, 0, 16, 0, 0, 0, 2, 18
"c:\Users\conta\Desktop\project\client\src\app\transfar\types.ts", "TypeScript", 0, 0, 19, 0, 0, 0, 0, 0, 0, 2, 21
"c:\Users\conta\Desktop\project\client\src\app\upload\[id]\page.tsx", "TypeScript JSX", 0, 0, 0, 0, 0, 63, 0, 0, 0, 13, 76
"c:\Users\conta\Desktop\project\client\src\app\upload\attributes.tsx", "TypeScript JSX", 0, 0, 0, 0, 0, 275, 0, 0, 1, 38, 314
"c:\Users\conta\Desktop\project\client\src\app\upload\attributesCard.module.css", "PostCSS", 0, 0, 0, 0, 189, 0, 0, 0, 6, 19, 214
"c:\Users\conta\Desktop\project\client\src\app\upload\before\client.tsx", "TypeScript JSX", 0, 0, 0, 0, 0, 54, 0, 0, 0, 11, 65
"c:\Users\conta\Desktop\project\client\src\app\upload\before\page.tsx", "TypeScript JSX", 0, 0, 0, 0, 0, 20, 0, 0, 0, 4, 24
"c:\Users\conta\Desktop\project\client\src\app\upload\brandInput.tsx", "TypeScript JSX", 0, 0, 0, 0, 0, 103, 0, 0, 0, 19, 122
"c:\Users\conta\Desktop\project\client\src\app\upload\category.tsx", "TypeScript JSX", 0, 0, 0, 0, 0, 207, 0, 0, 2, 43, 252
"c:\Users\conta\Desktop\project\client\src\app\upload\condition.tsx", "TypeScript JSX", 0, 0, 0, 0, 0, 63, 0, 0, 0, 10, 73
"c:\Users\conta\Desktop\project\client\src\app\upload\draft\[id]\page.tsx", "TypeScript JSX", 0, 0, 0, 0, 0, 63, 0, 0, 0, 13, 76
"c:\Users\conta\Desktop\project\client\src\app\upload\edit\[id]\page.tsx", "TypeScript JSX", 0, 0, 0, 0, 0, 63, 0, 0, 0, 13, 76
"c:\Users\conta\Desktop\project\client\src\app\upload\form.tsx", "TypeScript JSX", 0, 0, 0, 0, 0, 465, 0, 0, 10, 90, 565
"c:\Users\conta\Desktop\project\client\src\app\upload\genderAge.tsx", "TypeScript JSX", 0, 0, 0, 0, 0, 163, 0, 0, 2, 32, 197
"c:\Users\conta\Desktop\project\client\src\app\upload\hooks\useFileUpload.ts", "TypeScript", 0, 0, 155, 0, 0, 0, 0, 0, 6, 32, 193
"c:\Users\conta\Desktop\project\client\src\app\upload\hooks\useUpload.ts", "TypeScript", 0, 0, 282, 0, 0, 0, 0, 0, 0, 33, 315
"c:\Users\conta\Desktop\project\client\src\app\upload\itemImage.tsx", "TypeScript JSX", 0, 0, 0, 0, 0, 59, 0, 0, 0, 7, 66
"c:\Users\conta\Desktop\project\client\src\app\upload\itemNameDetail.tsx", "TypeScript JSX", 0, 0, 0, 0, 0, 39, 0, 0, 0, 5, 44
"c:\Users\conta\Desktop\project\client\src\app\upload\layout.tsx", "TypeScript JSX", 0, 0, 0, 0, 0, 4, 0, 0, 0, 1, 5
"c:\Users\conta\Desktop\project\client\src\app\upload\material.module.css", "PostCSS", 0, 0, 0, 0, 81, 0, 0, 0, 4, 9, 94
"c:\Users\conta\Desktop\project\client\src\app\upload\material.tsx", "TypeScript JSX", 0, 0, 0, 0, 0, 102, 0, 0, 0, 14, 116
"c:\Users\conta\Desktop\project\client\src\app\upload\ok\[id]\page.tsx", "TypeScript JSX", 0, 0, 0, 0, 0, 50, 0, 0, 0, 13, 63
"c:\Users\conta\Desktop\project\client\src\app\upload\ok\button.tsx", "TypeScript JSX", 0, 0, 0, 0, 0, 15, 0, 0, 0, 2, 17
"c:\Users\conta\Desktop\project\client\src\app\upload\ok\itemHighlight.tsx", "TypeScript JSX", 0, 0, 0, 0, 0, 53, 0, 0, 0, 6, 59
"c:\Users\conta\Desktop\project\client\src\app\upload\ok\ok.module.css", "PostCSS", 0, 0, 0, 0, 142, 0, 0, 0, 0, 20, 162
"c:\Users\conta\Desktop\project\client\src\app\upload\ok\okPage.tsx", "TypeScript JSX", 0, 0, 0, 0, 0, 18, 0, 0, 0, 3, 21
"c:\Users\conta\Desktop\project\client\src\app\upload\ok\okText.tsx", "TypeScript JSX", 0, 0, 0, 0, 0, 16, 0, 0, 0, 4, 20
"c:\Users\conta\Desktop\project\client\src\app\upload\ok\okUI.tsx", "TypeScript JSX", 0, 0, 0, 0, 0, 20, 0, 0, 0, 4, 24
"c:\Users\conta\Desktop\project\client\src\app\upload\price.tsx", "TypeScript JSX", 0, 0, 0, 0, 0, 67, 0, 0, 0, 15, 82
"c:\Users\conta\Desktop\project\client\src\app\upload\shipping.tsx", "TypeScript JSX", 0, 0, 0, 0, 0, 168, 0, 0, 4, 23, 195
"c:\Users\conta\Desktop\project\client\src\app\upload\types\type.ts", "TypeScript", 0, 0, 72, 0, 0, 0, 0, 0, 0, 10, 82
"c:\Users\conta\Desktop\project\client\src\app\upload\types\uploadType.ts", "TypeScript", 0, 0, 35, 0, 0, 0, 0, 0, 0, 1, 36
"c:\Users\conta\Desktop\project\client\src\app\upload\upload.module.css", "PostCSS", 0, 0, 0, 0, 427, 0, 0, 0, 0, 46, 473
"c:\Users\conta\Desktop\project\client\src\app\upload\uploadUI.tsx", "TypeScript JSX", 0, 0, 0, 0, 0, 14, 0, 0, 0, 2, 16
"c:\Users\conta\Desktop\project\client\src\app\upload\videoInput.tsx", "TypeScript JSX", 0, 0, 0, 0, 0, 128, 0, 0, 0, 17, 145
"c:\Users\conta\Desktop\project\client\src\app\user-list\button.module.css", "PostCSS", 0, 0, 0, 0, 35, 0, 0, 0, 0, 3, 38
"c:\Users\conta\Desktop\project\client\src\app\user-list\followButton.tsx", "TypeScript JSX", 0, 0, 0, 0, 0, 77, 0, 0, 0, 15, 92
"c:\Users\conta\Desktop\project\client\src\app\user-list\follow\[id]\page.tsx", "TypeScript JSX", 0, 0, 0, 0, 0, 58, 0, 0, 0, 12, 70
"c:\Users\conta\Desktop\project\client\src\app\user-list\follow\followHeader.module.css", "PostCSS", 0, 0, 0, 0, 28, 0, 0, 0, 0, 3, 31
"c:\Users\conta\Desktop\project\client\src\app\user-list\follow\followHeader.tsx", "TypeScript JSX", 0, 0, 0, 0, 0, 46, 0, 0, 0, 5, 51
"c:\Users\conta\Desktop\project\client\src\app\user-list\follow\followUI.tsx", "TypeScript JSX", 0, 0, 0, 0, 0, 13, 0, 0, 0, 2, 15
"c:\Users\conta\Desktop\project\client\src\app\user-list\good-comment\[id]\page.tsx", "TypeScript JSX", 0, 0, 0, 0, 0, 37, 0, 0, 0, 7, 44
"c:\Users\conta\Desktop\project\client\src\app\user-list\good-item\[id]\page.tsx", "TypeScript JSX", 0, 0, 0, 0, 0, 37, 0, 0, 0, 7, 44
"c:\Users\conta\Desktop\project\client\src\app\user-list\goodUI.tsx", "TypeScript JSX", 0, 0, 0, 0, 0, 14, 0, 0, 0, 2, 16
"c:\Users\conta\Desktop\project\client\src\app\user-list\layout.tsx", "TypeScript JSX", 0, 0, 0, 0, 0, 4, 0, 0, 0, 1, 5
"c:\Users\conta\Desktop\project\client\src\app\user-list\type.ts", "TypeScript", 0, 0, 21, 0, 0, 0, 0, 0, 0, 3, 24
"c:\Users\conta\Desktop\project\client\src\app\user-list\userList.module.css", "PostCSS", 0, 0, 0, 0, 125, 0, 0, 0, 0, 15, 140
"c:\Users\conta\Desktop\project\client\src\app\user-list\userList.tsx", "TypeScript JSX", 0, 0, 0, 0, 0, 187, 0, 0, 0, 21, 208
"c:\Users\conta\Desktop\project\client\src\assets\images\website-image\logo&mark\FLEX Outdoor ロゴ (3000 x 1000 px)背景透過.svg", "XML", 0, 0, 0, 0, 0, 0, 0, 1, 0, 0, 1
"c:\Users\conta\Desktop\project\client\src\components\accordion\accordion-grid.tsx", "TypeScript JSX", 0, 0, 0, 0, 0, 8, 0, 0, 0, 2, 10
"c:\Users\conta\Desktop\project\client\src\components\accordion\accordion.tsx", "TypeScript JSX", 0, 0, 0, 0, 0, 49, 0, 0, 0, 7, 56
"c:\Users\conta\Desktop\project\client\src\components\accordion\styles\accordion-grid.module.css", "PostCSS", 0, 0, 0, 0, 20, 0, 0, 0, 0, 2, 22
"c:\Users\conta\Desktop\project\client\src\components\accordion\styles\accordion.module.css", "PostCSS", 0, 0, 0, 0, 39, 0, 0, 0, 0, 5, 44
"c:\Users\conta\Desktop\project\client\src\components\confirm-card\confirmSection.tsx", "TypeScript JSX", 0, 0, 0, 0, 0, 142, 0, 0, 1, 14, 157
"c:\Users\conta\Desktop\project\client\src\components\confirm-card\confirmcard.module.css", "PostCSS", 0, 0, 0, 0, 123, 0, 0, 0, 0, 14, 137
"c:\Users\conta\Desktop\project\client\src\components\container\container.module.css", "PostCSS", 0, 0, 0, 0, 15, 0, 0, 0, 0, 2, 17
"c:\Users\conta\Desktop\project\client\src\components\container\container.tsx", "TypeScript JSX", 0, 0, 0, 0, 0, 16, 0, 0, 0, 3, 19
"c:\Users\conta\Desktop\project\client\src\components\follow-button\followButton.module.css", "PostCSS", 0, 0, 0, 0, 33, 0, 0, 0, 0, 3, 36
"c:\Users\conta\Desktop\project\client\src\components\follow-button\followButton.tsx", "TypeScript JSX", 0, 0, 0, 0, 0, 71, 0, 0, 1, 15, 87
"c:\Users\conta\Desktop\project\client\src\components\footer\footer.module.css", "PostCSS", 0, 0, 0, 0, 68, 0, 0, 0, 0, 7, 75
"c:\Users\conta\Desktop\project\client\src\components\footer\footer.tsx", "TypeScript JSX", 0, 0, 0, 0, 0, 55, 0, 0, 0, 11, 66
"c:\Users\conta\Desktop\project\client\src\components\guide\guide-link.tsx", "TypeScript JSX", 0, 0, 0, 0, 0, 20, 0, 0, 0, 2, 22
"c:\Users\conta\Desktop\project\client\src\components\guide\guide-section.tsx", "TypeScript JSX", 0, 0, 0, 0, 0, 15, 0, 0, 0, 2, 17
"c:\Users\conta\Desktop\project\client\src\components\guide\guide-small.tsx", "TypeScript JSX", 0, 0, 0, 0, 0, 10, 0, 0, 0, 2, 12
"c:\Users\conta\Desktop\project\client\src\components\guide\guide-subtitle.tsx", "TypeScript JSX", 0, 0, 0, 0, 0, 11, 0, 0, 0, 3, 14
"c:\Users\conta\Desktop\project\client\src\components\guide\index.ts", "TypeScript", 0, 0, 4, 0, 0, 0, 0, 0, 0, 0, 4
"c:\Users\conta\Desktop\project\client\src\components\guide\styles\guide-link.module.css", "PostCSS", 0, 0, 0, 0, 26, 0, 0, 0, 0, 2, 28
"c:\Users\conta\Desktop\project\client\src\components\guide\styles\guide-small.module.css", "PostCSS", 0, 0, 0, 0, 3, 0, 0, 0, 0, 0, 3
"c:\Users\conta\Desktop\project\client\src\components\guide\styles\guide-subtitle.module.css", "PostCSS", 0, 0, 0, 0, 10, 0, 0, 0, 0, 1, 11
"c:\Users\conta\Desktop\project\client\src\components\header\header.module.css", "PostCSS", 0, 0, 0, 0, 269, 0, 0, 0, 0, 34, 303
"c:\Users\conta\Desktop\project\client\src\components\header\header.tsx", "TypeScript JSX", 0, 0, 0, 0, 0, 41, 0, 0, 0, 7, 48
"c:\Users\conta\Desktop\project\client\src\components\header\searchInputMobile.tsx", "TypeScript JSX", 0, 0, 0, 0, 0, 198, 0, 0, 1, 41, 240
"c:\Users\conta\Desktop\project\client\src\components\header\searchInputPC.tsx", "TypeScript JSX", 0, 0, 0, 0, 0, 190, 0, 0, 1, 42, 233
"c:\Users\conta\Desktop\project\client\src\components\index.ts", "TypeScript", 0, 0, 12, 0, 0, 0, 0, 0, 0, 0, 12
"c:\Users\conta\Desktop\project\client\src\components\initSession.ts", "TypeScript", 0, 0, 12, 0, 0, 0, 0, 0, 0, 3, 15
"c:\Users\conta\Desktop\project\client\src\components\inputForm\button.tsx", "TypeScript JSX", 0, 0, 0, 0, 0, 17, 0, 0, 0, 2, 19
"c:\Users\conta\Desktop\project\client\src\components\inputForm\imputForm.module.css", "PostCSS", 0, 0, 0, 0, 64, 0, 0, 0, 0, 7, 71
"c:\Users\conta\Desktop\project\client\src\components\inputForm\index.ts", "TypeScript", 0, 0, 5, 0, 0, 0, 0, 0, 0, 0, 5
"c:\Users\conta\Desktop\project\client\src\components\inputForm\inputStr.tsx", "TypeScript JSX", 0, 0, 0, 0, 0, 41, 0, 0, 0, 2, 43
"c:\Users\conta\Desktop\project\client\src\components\inputForm\inputStrAndSmall.tsx", "TypeScript JSX", 0, 0, 0, 0, 0, 41, 0, 0, 0, 2, 43
"c:\Users\conta\Desktop\project\client\src\components\inputForm\inputTitle.tsx", "TypeScript JSX", 0, 0, 0, 0, 0, 13, 0, 0, 0, 2, 15
"c:\Users\conta\Desktop\project\client\src\components\inputForm\textarea.tsx", "TypeScript JSX", 0, 0, 0, 0, 0, 33, 0, 0, 0, 2, 35
"c:\Users\conta\Desktop\project\client\src\components\itemListRow\itemListRow.module.css", "PostCSS", 0, 0, 0, 0, 77, 0, 0, 0, 0, 9, 86
"c:\Users\conta\Desktop\project\client\src\components\itemListRow\itemListRow.tsx", "TypeScript JSX", 0, 0, 0, 0, 0, 48, 0, 0, 0, 3, 51
"c:\Users\conta\Desktop\project\client\src\components\link\children-link.tsx", "TypeScript JSX", 0, 0, 0, 0, 0, 14, 0, 0, 0, 2, 16
"c:\Users\conta\Desktop\project\client\src\components\link\index.ts", "TypeScript", 0, 0, 4, 0, 0, 0, 0, 0, 0, 0, 4
"c:\Users\conta\Desktop\project\client\src\components\link\mypage-link-header.tsx", "TypeScript JSX", 0, 0, 0, 0, 0, 7, 0, 0, 0, 2, 9
"c:\Users\conta\Desktop\project\client\src\components\link\normal-link-container.tsx", "TypeScript JSX", 0, 0, 0, 0, 0, 12, 0, 0, 0, 2, 14
"c:\Users\conta\Desktop\project\client\src\components\link\normal-link.module.css", "PostCSS", 0, 0, 0, 0, 40, 0, 0, 0, 0, 3, 43
"c:\Users\conta\Desktop\project\client\src\components\link\normal-link.tsx", "TypeScript JSX", 0, 0, 0, 0, 0, 13, 0, 0, 0, 2, 15
"c:\Users\conta\Desktop\project\client\src\components\list\index.ts", "TypeScript", 0, 0, 7, 0, 0, 0, 0, 0, 0, 0, 7
"c:\Users\conta\Desktop\project\client\src\components\list\list-check.tsx", "TypeScript JSX", 0, 0, 0, 0, 0, 15, 0, 0, 0, 2, 17
"c:\Users\conta\Desktop\project\client\src\components\list\list-disc-second.tsx", "TypeScript JSX", 0, 0, 0, 0, 0, 9, 0, 0, 0, 2, 11
"c:\Users\conta\Desktop\project\client\src\components\list\list-flow-arrow.tsx", "TypeScript JSX", 0, 0, 0, 0, 0, 9, 0, 0, 0, 1, 10
"c:\Users\conta\Desktop\project\client\src\components\list\list-flow.tsx", "TypeScript JSX", 0, 0, 0, 0, 0, 15, 0, 0, 0, 2, 17
"c:\Users\conta\Desktop\project\client\src\components\list\list-ul-second.tsx", "TypeScript JSX", 0, 0, 0, 0, 0, 9, 0, 0, 0, 2, 11
"c:\Users\conta\Desktop\project\client\src\components\list\list-ul.tsx", "TypeScript JSX", 0, 0, 0, 0, 0, 9, 0, 0, 0, 2, 11
"c:\Users\conta\Desktop\project\client\src\components\list\list.module.css", "PostCSS", 0, 0, 0, 0, 8, 0, 0, 0, 0, 1, 9
"c:\Users\conta\Desktop\project\client\src\components\list\nado.tsx", "TypeScript JSX", 0, 0, 0, 0, 0, 3, 0, 0, 0, 0, 3
"c:\Users\conta\Desktop\project\client\src\components\loading\loading.module.css", "PostCSS", 0, 0, 0, 0, 35, 0, 0, 0, 0, 5, 40
"c:\Users\conta\Desktop\project\client\src\components\loading\topLoader.tsx", "TypeScript JSX", 0, 0, 0, 0, 0, 11, 0, 0, 0, 2, 13
"c:\Users\conta\Desktop\project\client\src\components\star.tsx", "TypeScript JSX", 0, 0, 0, 0, 0, 44, 0, 0, 0, 8, 52
"c:\Users\conta\Desktop\project\client\src\components\terms\index.ts", "TypeScript", 0, 0, 6, 0, 0, 0, 0, 0, 0, 0, 6
"c:\Users\conta\Desktop\project\client\src\components\terms\list-div.tsx", "TypeScript JSX", 0, 0, 0, 0, 0, 12, 0, 0, 0, 2, 14
"c:\Users\conta\Desktop\project\client\src\components\terms\terms-kakko.tsx", "TypeScript JSX", 0, 0, 0, 0, 0, 18, 0, 0, 0, 2, 20
"c:\Users\conta\Desktop\project\client\src\components\terms\terms-list-second.tsx", "TypeScript JSX", 0, 0, 0, 0, 0, 13, 0, 0, 0, 2, 15
"c:\Users\conta\Desktop\project\client\src\components\terms\terms-list.tsx", "TypeScript JSX", 0, 0, 0, 0, 0, 16, 0, 0, 0, 2, 18
"c:\Users\conta\Desktop\project\client\src\components\terms\terms-mini-section.tsx", "TypeScript JSX", 0, 0, 0, 0, 0, 18, 0, 0, 0, 2, 20
"c:\Users\conta\Desktop\project\client\src\components\terms\terms-section.tsx", "TypeScript JSX", 0, 0, 0, 0, 0, 15, 0, 0, 0, 2, 17
"c:\Users\conta\Desktop\project\client\src\components\title-back\back.tsx", "TypeScript JSX", 0, 0, 0, 0, 0, 16, 0, 0, 0, 3, 19
"c:\Users\conta\Desktop\project\client\src\components\title-back\title-back.module.css", "PostCSS", 0, 0, 0, 0, 23, 0, 0, 0, 0, 2, 25
"c:\Users\conta\Desktop\project\client\src\components\title-back\title-back.tsx", "TypeScript JSX", 0, 0, 0, 0, 0, 21, 0, 0, 0, 5, 26
"c:\Users\conta\Desktop\project\client\src\components\title-back\title.tsx", "TypeScript JSX", 0, 0, 0, 0, 0, 11, 0, 0, 0, 2, 13
"c:\Users\conta\Desktop\project\client\src\components\tokutei\index.ts", "TypeScript", 0, 0, 3, 0, 0, 0, 0, 0, 0, 0, 3
"c:\Users\conta\Desktop\project\client\src\components\tokutei\second-header.tsx", "TypeScript JSX", 0, 0, 0, 0, 0, 7, 0, 0, 0, 2, 9
"c:\Users\conta\Desktop\project\client\src\components\tokutei\tokutei-container.tsx", "TypeScript JSX", 0, 0, 0, 0, 0, 12, 0, 0, 0, 2, 14
"c:\Users\conta\Desktop\project\client\src\components\tokutei\tokutei-section.tsx", "TypeScript JSX", 0, 0, 0, 0, 0, 14, 0, 0, 0, 2, 16
"c:\Users\conta\Desktop\project\client\src\components\two-text-container\tow-text-container.module.css", "PostCSS", 0, 0, 0, 0, 9, 0, 0, 0, 0, 1, 10
"c:\Users\conta\Desktop\project\client\src\components\two-text-container\tow-text-container.tsx", "TypeScript JSX", 0, 0, 0, 0, 0, 22, 0, 0, 0, 4, 26
"c:\Users\conta\Desktop\project\client\src\hooks\useFollow.ts", "TypeScript", 0, 0, 49, 0, 0, 0, 0, 0, 1, 8, 58
"c:\Users\conta\Desktop\project\client\src\hooks\useGoodComment.ts", "TypeScript", 0, 0, 29, 0, 0, 0, 0, 0, 0, 6, 35
"c:\Users\conta\Desktop\project\client\src\hooks\useGoodItem.ts", "TypeScript", 0, 0, 29, 0, 0, 0, 0, 0, 0, 6, 35
"c:\Users\conta\Desktop\project\client\src\lib\auth.ts", "TypeScript", 0, 0, 126, 0, 0, 0, 0, 0, 0, 23, 149
"c:\Users\conta\Desktop\project\client\src\lib\fetcher.ts", "TypeScript", 0, 0, 11, 0, 0, 0, 0, 0, 0, 2, 13
"c:\Users\conta\Desktop\project\client\src\lib\fontawesome.ts", "TypeScript", 0, 0, 3, 0, 0, 0, 0, 0, 0, 2, 5
"c:\Users\conta\Desktop\project\client\src\lib\formatDuration.ts", "TypeScript", 0, 0, 10, 0, 0, 0, 0, 0, 0, 3, 13
"c:\Users\conta\Desktop\project\client\src\lib\formatRelativeTime.ts", "TypeScript", 0, 0, 26, 0, 0, 0, 0, 0, 0, 1, 27
"c:\Users\conta\Desktop\project\client\src\lib\normalizeJapanese.ts", "TypeScript", 0, 0, 16, 0, 0, 0, 0, 0, 0, 5, 21
"c:\Users\conta\Desktop\project\client\src\lib\refreshToken.ts", "TypeScript", 0, 0, 14, 0, 0, 0, 0, 0, 0, 3, 17
"c:\Users\conta\Desktop\project\client\src\middleware.ts", "TypeScript", 0, 0, 59, 0, 0, 0, 0, 0, 0, 14, 73
"c:\Users\conta\Desktop\project\client\src\providers\session-provider.tsx", "TypeScript JSX", 0, 0, 0, 0, 0, 16, 0, 0, 0, 4, 20
"c:\Users\conta\Desktop\project\client\src\providers\toastBoundary.tsx", "TypeScript JSX", 0, 0, 0, 0, 0, 21, 0, 0, 0, 2, 23
"c:\Users\conta\Desktop\project\client\src\styles\components-style\itemList.module.css", "PostCSS", 0, 0, 0, 0, 289, 0, 0, 0, 0, 42, 331
"c:\Users\conta\Desktop\project\client\src\styles\emailComplete.module.css", "PostCSS", 0, 0, 0, 0, 40, 0, 0, 0, 0, 3, 43
"c:\Users\conta\Desktop\project\client\src\styles\globals.css", "PostCSS", 0, 0, 0, 0, 105, 0, 0, 0, 6, 17, 128
"c:\Users\conta\Desktop\project\client\src\styles\guide.module.css", "PostCSS", 0, 0, 0, 0, 21, 0, 0, 0, 0, 3, 24
"c:\Users\conta\Desktop\project\client\src\styles\login.module.css", "PostCSS", 0, 0, 0, 0, 154, 0, 0, 0, 0, 14, 168
"c:\Users\conta\Desktop\project\client\src\styles\terms.module.css", "PostCSS", 0, 0, 0, 0, 101, 0, 0, 0, 0, 19, 120
"c:\Users\conta\Desktop\project\client\src\styles\tokutei.module.css", "PostCSS", 0, 0, 0, 0, 79, 0, 0, 0, 0, 14, 93
"c:\Users\conta\Desktop\project\client\src\types\itemAttributes.ts", "TypeScript", 0, 0, 60, 0, 0, 0, 0, 0, 0, 6, 66
"c:\Users\conta\Desktop\project\client\src\types\itemListTypes.ts", "TypeScript", 0, 0, 45, 0, 0, 0, 0, 0, 0, 6, 51
"c:\Users\conta\Desktop\project\client\src\types\next-auth.d.ts", "TypeScript", 0, 0, 39, 0, 0, 0, 0, 0, 0, 3, 42
"c:\Users\conta\Desktop\project\client\src\types\purchaseSnapshot.ts", "TypeScript", 0, 0, 20, 0, 0, 0, 0, 0, 0, 4, 24
"c:\Users\conta\Desktop\project\client\tailwind.config.js", "JavaScript", 0, 0, 0, 9, 0, 0, 0, 0, 2, 1, 12
"c:\Users\conta\Desktop\project\client\tsconfig.json", "JSON with Comments", 0, 44, 0, 0, 0, 0, 0, 0, 0, 1, 45
"Total", "-", 16112, 44, 1550, 44, 7030, 18749, 23, 6, 61, 4149, 47768